"flight","date","growth_stage","subplot","N_rate_kg_ha","index","canopy_polygon_count","canopy_area_m2","n_pixels","n_duplicate_cells_removed","coverage_pct","mean","median","sd","p05","p25","p75","p95","p99","min","max","n_below_minus1","n_above_1","pct_outside_minus1_1"
1,"2024-09-07","V4","P1",0,"NDVI",39,1.24602086041099,12867,0,99.9000008697157,0.830907704076576,0.834817230701447,0.0672336428660986,0.713179224729538,0.789048999547958,0.876084446907043,0.936702644824982,0.975013310909271,0.535630226135254,0.999984681606293,0,0,0
1,"2024-09-07","V4","P1",0,"MSAVI",39,1.24602086041099,12879,0,100.038648421322,0.635044297317243,0.640038728713989,0.104151045580663,0.451745539903641,0.56784525513649,0.707609802484512,0.797810250520706,0.859552437067032,0.210342466831207,0.960677862167358,0,0,0
1,"2024-09-07","V4","P1",0,"WDRVI",39,1.24602086041099,12879,0,100.038648421322,0.269568975490437,0.271543353796005,0.0260529302129999,0.223042996227741,0.25373350083828,0.287340760231018,0.309221044182777,0.324862175583839,0.15349206328392,0.350117027759552,0,0,0
1,"2024-09-07","V4","P2",100,"NDVI",36,0.956102668503795,9853,0,99.6959363629279,0.814956076300278,0.819841206073761,0.070305536689887,0.691478514671326,0.770399630069733,0.863389492034912,0.924745607376099,0.960481178760529,0.551698863506317,0.995018422603607,0,0,0
1,"2024-09-07","V4","P2",100,"MSAVI",36,0.956102668503795,9828,0,99.4882067760946,0.625706638626854,0.631596595048904,0.110241919806597,0.433805719017982,0.554672405123711,0.701345518231392,0.797295615077019,0.855736712217331,0.190777137875557,1.05754780769348,0,5,0.0508750508750509
1,"2024-09-07","V4","P2",100,"WDRVI",36,0.956102668503795,9828,0,99.4882067760946,0.26432941089838,0.266608089208603,0.027654841875088,0.21538899987936,0.247261997312307,0.28350105881691,0.306372793018818,0.320194171369076,0.149101540446281,0.371201008558273,0,0,0
1,"2024-09-07","V4","P3",200,"NDVI",34,0.732697469706883,7508,0,99.1318192672392,0.791433231876325,0.795697063207626,0.0750037231779722,0.659189572930336,0.743218824267387,0.844669371843338,0.908918428421021,0.950979026556015,0.531330227851868,0.996524155139923,0,0,0
1,"2024-09-07","V4","P3",200,"MSAVI",34,0.732697469706883,7584,0,100.180828289721,0.607601166765681,0.613618791103363,0.117016945637213,0.401042133569717,0.534568578004837,0.688197389245033,0.790418890118599,0.86059253513813,0.217114359140396,0.97823029756546,0,0,0
1,"2024-09-07","V4","P3",200,"WDRVI",34,0.732697469706883,7584,0,100.180828289721,0.256798643838881,0.258517473936081,0.0292025859965066,0.204549916088581,0.23880398645997,0.2767553627491,0.301396831870079,0.319676593840122,0.155098259449005,0.353433459997177,0,0,0
1,"2024-09-07","V4","P4",300,"NDVI",36,0.943895080278593,9790,0,100.339624985778,0.791431971596016,0.791247069835663,0.0661163834143009,0.681743070483208,0.746515989303589,0.837061882019043,0.900199943780899,0.941874412894249,0.571999311447144,0.998185098171234,0,0,0
1,"2024-09-07","V4","P4",300,"MSAVI",36,0.943895080278593,9701,0,99.4726682542855,0.602106789539996,0.602024614810944,0.105357601041043,0.426132023334503,0.529617249965668,0.674095630645752,0.774523913860321,0.840384423732758,0.254121661186218,0.972380638122559,0,0,0
1,"2024-09-07","V4","P4",300,"WDRVI",36,0.943895080278593,9701,0,99.4726682542855,0.256246509757586,0.256789773702621,0.0257223287932988,0.21175479888916,0.239226713776588,0.273938149213791,0.297599136829376,0.312158942222595,0.165022984147072,0.347284615039825,0,0,0
1,"2024-09-07","V4","P5",400,"NDVI",35,1.26525494438559,13046,0,99.7499841349754,0.825693646567229,0.828024327754974,0.0629163622503647,0.716688230633736,0.785041972994804,0.868647009134293,0.924945920705795,0.962452560663223,0.570858418941498,0.999188780784607,0,0,0
1,"2024-09-07","V4","P5",400,"MSAVI",35,1.26525494438559,13099,0,100.200775909762,0.642763898899395,0.643052220344543,0.106777729841173,0.464958837628365,0.569030404090881,0.717100262641907,0.816366016864776,0.885120614767075,0.271095603704453,1.0306441783905,0,6,0.0458050232842202
1,"2024-09-07","V4","P5",400,"WDRVI",35,1.26525494438559,13099,0,100.200775909762,0.268839900729465,0.269901245832443,0.0253334759602918,0.224958671629429,0.25271737575531,0.285927936434746,0.308888050913811,0.324982429146767,0.17109851539135,0.360307157039642,0,0,0
2,"2024-09-14","R5","P1",0,"NDVI",39,1.24420527099943,10171,0,99.4680069848811,0.846519555991384,0.849985122680664,0.0148557503927738,0.817635029554367,0.840575456619263,0.856481313705444,0.863352328538895,0.868038237094879,0.780249297618866,0.876008152961731,0,0,0
2,"2024-09-14","R5","P1",0,"MSAVI",39,1.24420527099943,10171,0,99.4680069848811,0.358072532588906,0.380661636590958,0.122510945563703,0.127254977822304,0.298628360033035,0.44339781999588,0.512033462524414,0.560019898414612,-0.130329340696335,0.684530913829803,0,0,0
2,"2024-09-14","R5","P1",0,"WDRVI",39,1.24420527099943,10171,0,99.4680069848811,0.364475914568409,0.374041020870209,0.0439314515440269,0.279053121805191,0.345342263579369,0.394400656223297,0.416440039873123,0.431778001785278,0.181005105376244,0.458457797765732,0,0,0
2,"2024-09-14","R5","P2",100,"NDVI",36,0.94298891408538,7768,0,100.233853807322,0.849756438219891,0.85182711482048,0.0116359217840144,0.827445489168167,0.843894869089127,0.857945889234543,0.864526104927063,0.868971275687218,0.792645335197449,0.876334130764008,0,0,0
2,"2024-09-14","R5","P2",100,"MSAVI",36,0.94298891408538,7768,0,100.233853807322,0.391236226565641,0.405916437506676,0.103244014491978,0.198844367265701,0.332158826291561,0.465882204473019,0.532364395260811,0.578435565233231,-0.0480308942496777,0.66258692741394,0,0,0
2,"2024-09-14","R5","P2",100,"WDRVI",36,0.94298891408538,7768,0,100.233853807322,0.374035982867793,0.379767775535583,0.0352814841028739,0.306787070631981,0.355361603200436,0.399054192006588,0.420258271694183,0.434862507581711,0.212246492505074,0.459565341472626,0,0,0
2,"2024-09-14","R5","P3",200,"NDVI",36,1.53622605766967,12531,0,99.2527163389661,0.851046773871937,0.853063642978668,0.010673750054764,0.82991549372673,0.846095710992813,0.858261317014694,0.864597737789154,0.869325715303421,0.797543168067932,0.881324350833893,0,0,0
2,"2024-09-14","R5","P3",200,"MSAVI",36,1.53622605766967,12531,0,99.2527163389661,0.402641731344684,0.417410254478455,0.0963304811513451,0.217552602291107,0.350501045584679,0.468069046735764,0.534949988126755,0.584048229455948,-0.00860609393566847,0.709637403488159,0,0,0
2,"2024-09-14","R5","P3",200,"WDRVI",36,1.53622605766967,12531,0,99.2527163389661,0.377933952606892,0.383632481098175,0.0325509008541893,0.313911810517311,0.362067088484764,0.400059580802917,0.420491889119148,0.436036759614944,0.224926188588142,0.476682752370834,0,0,0
2,"2024-09-14","R5","P4",300,"NDVI",36,1.679304260229,13936,0,100.976554255539,0.853092128507169,0.854510545730591,0.00958181248568112,0.835154131054878,0.848133996129036,0.859731018543243,0.865984886884689,0.870084583759308,0.805465042591095,0.875758528709412,0,0,0
2,"2024-09-14","R5","P4",300,"MSAVI",36,1.679304260229,13936,0,100.976554255539,0.422568673272505,0.431329667568207,0.0918025531315952,0.25491701811552,0.368711851537228,0.487236186861992,0.555431962013245,0.601782205700874,0.0452719442546368,0.673540711402893,0,0,0
2,"2024-09-14","R5","P4",300,"WDRVI",36,1.679304260229,13936,0,100.976554255539,0.384210158007949,0.388175830245018,0.0295747084425891,0.329217672348022,0.368322275578976,0.40475856512785,0.425025828182697,0.438556246459484,0.245853617787361,0.457610696554184,0,0,0
2,"2024-09-14","R5","P5",400,"NDVI",36,2.30322003345405,18940,0,100.059042815308,0.852645928580255,0.854993253946304,0.0114345977044951,0.829436910152435,0.847763702273369,0.860226422548294,0.866809606552124,0.871001110076904,0.794679701328278,0.881010115146637,0,0,0
2,"2024-09-14","R5","P5",400,"MSAVI",36,2.30322003345405,18940,0,100.059042815308,0.422200676868055,0.439431235194206,0.108347883066996,0.215244747698307,0.362491145730019,0.497451551258564,0.570758652687073,0.617261040210724,-0.0306019987910986,0.7496178150177,0,0,0
2,"2024-09-14","R5","P5",400,"WDRVI",36,2.30322003345405,18940,0,100.059042815308,0.383012833421875,0.38969649374485,0.0349271175644363,0.312526749074459,0.367182657122612,0.406347833573818,0.427731901407242,0.441608001589775,0.217489525675774,0.475595742464066,0,0,0
3,"2024-10-02","R6","P1",0,"NDVI",41,8.55696573766727,97838,370,99.6262004006412,0.930232293882048,0.932334333658218,0.0427299546241869,0.856128659844398,0.900643229484558,0.964218512177467,0.994327619671822,0.999571078419685,0.737489461898804,1,0,0,0
3,"2024-10-02","R6","P1",0,"MSAVI",41,8.55696573766727,97838,370,99.6262004006412,0.711235813221876,0.708872556686401,0.0655077222517214,0.607829302549362,0.665590450167656,0.754763379693031,0.822883474826813,0.8693696808815,0.455849438905716,1.00182402133942,0,2,0.00204419550685828
3,"2024-10-02","R6","P1",0,"WDRVI",41,8.55696573766727,97838,370,99.6262004006412,0.677338596683257,0.67122358083725,0.1763210000763,0.393283601105213,0.545975342392921,0.814321026206017,0.968544700741768,0.997592729926109,0.0817837044596672,1,0,0,0
3,"2024-10-02","R6","P2",100,"NDVI",41,8.00989674786706,90689,1172,98.6537252693399,0.928991166450537,0.931672334671021,0.0439717378215495,0.852100872993469,0.898545682430267,0.964324176311493,0.993981754779816,0.999523739814758,0.740000426769257,1,0,0,0
3,"2024-10-02","R6","P2",100,"MSAVI",41,8.00989674786706,90689,1172,98.6537252693399,0.720164812999337,0.719492614269257,0.0679852785848039,0.610313487052917,0.673245131969452,0.76578414440155,0.833789217472076,0.882958285808563,0.463804990053177,1.01911675930023,0,1,0.00110266956301205
3,"2024-10-02","R6","P2",100,"WDRVI",41,8.00989674786706,90689,1172,98.6537252693399,0.672909030465335,0.668445348739624,0.18019470474509,0.380622017383575,0.538209497928619,0.814827620983124,0.966653048992157,0.997327296733856,0.0872718766331673,1,0,0,0
3,"2024-10-02","R6","P3",200,"NDVI",43,8.63417584852505,97995,907,98.893744618108,0.930374471597133,0.933621823787689,0.0441729874506925,0.852976202964783,0.900028467178345,0.965983092784882,0.994376242160797,0.999599660634995,0.725393116474152,1,0,0,0
3,"2024-10-02","R6","P3",200,"MSAVI",43,8.63417584852505,97995,907,98.893744618108,0.728113926844704,0.727484405040741,0.0690910387428863,0.615734302997589,0.681285411119461,0.774320542812347,0.84313668012619,0.891409994363785,0.440982431173325,1.03107559680939,0,10,0.0102046022756263
3,"2024-10-02","R6","P3",200,"WDRVI",43,8.63417584852505,97995,907,98.893744618108,0.678853918049456,0.676647901535034,0.181125190677221,0.383358708024025,0.543692976236343,0.822811037302017,0.968810856342316,0.997752984762192,0.0558906495571136,1,0,0,0
3,"2024-10-02","R6","P4",300,"NDVI",40,13.310398727247,151405,1050,99.1139869011989,0.932575053621648,0.935350477695465,0.0423444908146843,0.857893145084381,0.90353137254715,0.966676473617554,0.994290995597839,0.999581451416016,0.653677046298981,1,0,0,0
3,"2024-10-02","R6","P4",300,"MSAVI",40,13.310398727247,151405,1050,99.1139869011989,0.72634158494537,0.724757552146912,0.0687402138152351,0.615729832649231,0.678520500659943,0.772479295730591,0.841483104228973,0.892232773303986,0.361328929662704,1.04770648479462,0,16,0.0105676827053268
3,"2024-10-02","R6","P4",300,"WDRVI",40,13.310398727247,151405,1050,99.1139869011989,0.687011000980464,0.683975040912628,0.175463779093187,0.398886227607727,0.556768894195557,0.826164722442627,0.968344211578369,0.997650892734528,-0.0811148211359978,1,0,0,0
3,"2024-10-02","R6","P5",400,"NDVI",44,11.1274406102766,127767,0,100.048183201384,0.930390158325698,0.932542324066162,0.0396492154227568,0.861482512950897,0.903324872255325,0.960959732532501,0.990717738866806,0.998644361495972,0.712685286998749,1,0,0,0
3,"2024-10-02","R6","P5",400,"MSAVI",44,11.1274406102766,127767,0,100.048183201384,0.712084360524794,0.709496080875397,0.0638951532493877,0.611376237869263,0.668061941862106,0.753381222486496,0.821781498193741,0.86987050652504,0.420444160699844,0.99465674161911,0,0,0
3,"2024-10-02","R6","P5",400,"WDRVI",44,11.1274406102766,127767,0,100.048183201384,0.675939826053506,0.672097980976105,0.163710153316844,0.41038998067379,0.555993288755417,0.798808753490448,0.948946684598923,0.992407832145691,0.0296252574771643,1,0,0,0
4,"2024-10-09","R7","P1",0,"NDVI",8,14.7653648766936,134011,0,99.9290704968112,0.786976477081752,0.788893580436707,0.0118632543521619,0.766611516475677,0.778280824422836,0.796322375535965,0.803217202425003,0.807272064685822,0.680489718914032,0.817368507385254,0,0,0
4,"2024-10-09","R7","P1",0,"MSAVI",8,14.7653648766936,134011,0,99.9290704968112,0.652158578381301,0.658711373806,0.0346198866195942,0.596485018730164,0.62080106139183,0.68285271525383,0.698361039161682,0.706363022327423,0.506810307502747,0.725675046443939,0,0,0
4,"2024-10-09","R7","P1",0,"WDRVI",8,14.7653648766936,134011,0,99.9290704968112,0.198354752297343,0.202664092183113,0.0296447801775601,0.147976741194725,0.176152780652046,0.221747487783432,0.239862032234669,0.250701540708542,-0.0329484157264233,0.278311967849731,0,0,0
4,"2024-10-09","R7","P2",100,"NDVI",30,11.050488889241,100152,0,99.7869428825565,0.784928500792767,0.785070270299911,0.0117235157595851,0.766019234061241,0.775820776820183,0.794615283608437,0.802623853087425,0.806908360719681,0.735827922821045,0.817202985286713,0,0,0
4,"2024-10-09","R7","P2",100,"MSAVI",30,11.050488889241,100152,0,99.7869428825565,0.645989159735254,0.644291043281555,0.0341956862020219,0.59442922770977,0.616242438554764,0.677755981683731,0.696810269355774,0.705180979967117,0.544993698596954,0.721971571445465,0,0,0
4,"2024-10-09","R7","P2",100,"WDRVI",30,11.050488889241,100152,0,99.7869428825565,0.193188258774676,0.193013265728951,0.0293484642547216,0.146572958678007,0.170129671692848,0.217322923243046,0.238287549465895,0.24972355440259,0.0781738013029099,0.277851939201355,0,0,0
4,"2024-10-09","R7","P3",200,"NDVI",36,12.6205156370588,114456,0,99.8520644319446,0.79076270974494,0.793387174606323,0.0109985771863521,0.769808456301689,0.783484354615211,0.798999637365341,0.805105701088905,0.808804360032082,0.7471963763237,0.818444013595581,0,0,0
4,"2024-10-09","R7","P3",200,"MSAVI",36,12.6205156370588,114456,0,99.8520644319446,0.664717230800793,0.675576001405716,0.032319877744985,0.604345142841339,0.639411732554436,0.690245538949966,0.703221499919891,0.71028558909893,0.547775983810425,0.727749049663544,0,0,0
4,"2024-10-09","R7","P3",200,"WDRVI",36,12.6205156370588,114456,0,99.8520644319446,0.207899905032194,0.214154496788979,0.0277941299531359,0.155597269535065,0.189043335616589,0.228734578937292,0.244892932474613,0.254834331572056,0.103222519159317,0.281306475400925,0,0,0
4,"2024-10-09","R7","P4",300,"NDVI",35,16.8500157366801,153145,0,100.068662423566,0.796905858709583,0.79852831363678,0.00860906792858922,0.779141056537628,0.793101072311401,0.802697420120239,0.807917177677155,0.811316013336182,0.748038649559021,0.822837114334106,0,0,0
4,"2024-10-09","R7","P4",300,"MSAVI",35,16.8500157366801,153145,0,100.068662423566,0.683363472604663,0.690519750118256,0.0245529308020107,0.627585196495056,0.675459623336792,0.699700355529785,0.709832966327667,0.716029942035675,0.561968445777893,0.732863664627075,0,0,0
4,"2024-10-09","R7","P4",300,"WDRVI",35,16.8500157366801,153145,0,100.068662423566,0.223564300779262,0.227500274777412,0.0221013404225562,0.178269708156586,0.213418081402779,0.238482534885406,0.252439051866531,0.261652801036835,0.105111420154572,0.293648183345795,0,0,0
4,"2024-10-09","R7","P5",400,"NDVI",34,15.5166312148143,140626,8,99.7846570043823,0.795926297480938,0.797491610050201,0.00844775839607819,0.778945609927177,0.792173027992249,0.801588460803032,0.806676253676414,0.810073167085648,0.703195333480835,0.822551548480988,0,0,0
4,"2024-10-09","R7","P5",400,"MSAVI",34,15.5166312148143,140626,8,99.7846570043823,0.680712373152195,0.687386035919189,0.0237350977390965,0.627950087189674,0.672207593917847,0.696755826473236,0.707162871956825,0.713310405611992,0.522376835346222,0.734959244728088,0,0,0
4,"2024-10-09","R7","P5",400,"WDRVI",34,15.5166312148143,140626,8,99.7846570043823,0.221005185379016,0.22479173541069,0.0216028298289662,0.177788246423006,0.211033914238214,0.235547229647636,0.249100029468536,0.258271910250187,0.0106073664501309,0.292840600013733,0,0,0
5,"2024-10-16","R8","P1",0,"NDVI",1,13.3757326664997,77223,0,99.9192322734336,0.865643777047097,0.872054755687714,0.0603905890144274,0.756049245595932,0.832433938980103,0.907401323318481,0.952381509542465,0.974399211406708,0.530580222606659,0.998583793640137,0,0,0
5,"2024-10-16","R8","P1",0,"MSAVI",1,13.3757326664997,118162,0,99.9392061089683,0.702707631518237,0.71295228600502,0.107945406228671,0.508062961697578,0.638960361480713,0.777217552065849,0.860681912302971,0.917847142219544,0.0900860354304314,1.05937159061432,0,53,0.0448536754625006
5,"2024-10-16","R8","P1",0,"WDRVI",1,13.3757326664997,118162,0,99.9392061089683,0.229877779653072,0.231490798294544,0.0183471629702363,0.197276096045971,0.219494931399822,0.242275793105364,0.256731548905373,0.266509800255299,0.11212494969368,0.294885396957397,0,0,0
5,"2024-10-16","R8","P2",100,"NDVI",1,14.3907776582602,83119,0,99.9622552509692,0.858361680986984,0.871210813522339,0.0739633572332877,0.715419381856918,0.827764749526978,0.907011598348618,0.951187092065811,0.973236103057861,0.317128270864487,0.998727858066559,0,0,0
5,"2024-10-16","R8","P2",100,"MSAVI",1,14.3907776582602,127129,0,99.9392324686531,0.710518904821373,0.728103220462799,0.128026060757066,0.471128845214844,0.649065256118774,0.794506788253784,0.882571518421173,0.942271318435669,-0.203849002718925,1.11842381954193,0,206,0.162040132463875
5,"2024-10-16","R8","P2",100,"WDRVI",1,14.3907776582602,127129,0,99.9392324686531,0.228812432762359,0.232111886143684,0.0221158716951634,0.187565779685974,0.219048455357552,0.243062481284142,0.257521969079971,0.267169325351715,0.0543739050626755,0.295452415943146,0,0,0
5,"2024-10-16","R8","P3",200,"NDVI",1,16.6921091594076,96429,0,99.9807628777858,0.857532915245176,0.867999732494354,0.0688772871043233,0.727085971832275,0.825808048248291,0.903398334980011,0.948544871807098,0.972580780982971,0.436574906110764,0.997707664966583,0,0,0
5,"2024-10-16","R8","P3",200,"MSAVI",1,16.6921091594076,147459,0,99.9391635858584,0.704348192686125,0.718882262706757,0.119637977257389,0.486455339193344,0.640790581703186,0.784868985414505,0.871882539987564,0.932231550216675,-0.0275860503315926,1.07090616226196,0,120,0.0813785526824405
5,"2024-10-16","R8","P3",200,"WDRVI",1,16.6921091594076,147459,0,99.9391635858584,0.228349980982789,0.231027469038963,0.0206404258129383,0.190753175318241,0.21823650598526,0.241909228265285,0.25641405582428,0.266532179713249,0.089119479060173,0.296178996562958,0,0,0
5,"2024-10-16","R8","P4",300,"NDVI",1,19.1052644323932,110352,0,99.964812315693,0.894688687465109,0.899222016334534,0.0494454427402993,0.806393390893936,0.865858927369118,0.929649472236633,0.966731995344162,0.984362227320671,0.573077738285065,0.999754011631012,0,0,0
5,"2024-10-16","R8","P4",300,"MSAVI",1,19.1052644323932,168767,0,99.9332748346876,0.758269849454346,0.764754891395569,0.0942407948448767,0.591971015930176,0.701598733663559,0.822185516357422,0.901150810718536,0.956625159978867,0.224796608090401,1.16663825511932,0,334,0.197905988730024
5,"2024-10-16","R8","P4",300,"WDRVI",1,19.1052644323932,168767,0,99.9332748346876,0.238465256734317,0.239387720823288,0.0157577656641566,0.211204458773136,0.229007340967655,0.249027922749519,0.262530586123466,0.271978912353516,0.138670414686203,0.308854818344116,0,0,0
5,"2024-10-16","R8","P5",400,"NDVI",1,17.4927594975741,100990,0,99.9171519452193,0.883726733714174,0.891347765922546,0.0565318625848224,0.782859522104263,0.855295330286026,0.922049969434738,0.95889573097229,0.977533854842186,0.119530528783798,0.997917115688324,0,0,0
5,"2024-10-16","R8","P5",400,"MSAVI",1,17.4927594975741,154532,0,99.9391709421625,0.727601641813793,0.73848819732666,0.108972035873351,0.534682083129883,0.66719226539135,0.800619184970856,0.883140882849693,0.939787340164185,-0.710967481136322,1.09928297996521,0,147,0.0951259286102555
5,"2024-10-16","R8","P5",400,"WDRVI",1,17.4927594975741,154532,0,99.9391709421625,0.234600211544744,0.236324235796928,0.0179719164438448,0.203844467550516,0.225087538361549,0.246327567845583,0.259809973835945,0.269190430939198,-0.0291074980050325,0.293262094259262,0,0,0